univ,country,docs,cites,cpp,top_papers,subject,docs_z_world,cites_z_world,cpp_z_world,top_papers_z_world,docs_rsi_cn,cites_rsi_cn,cpp_rsi_cn,top_papers_rsi_cn,strength_score
EAST CHINA NORMAL UNIVERSITY,CHINA MAINLAND,5420.0,164390.0,30.33,157.0,CHEMISTRY,0.8717852443822401,1.1392394820167449,0.2474422380297491,1.411187794817,2.562820512820513,3.7199338340971337,1.1747572815533978,6.0,2.140895798464597
EAST CHINA NORMAL UNIVERSITY,CHINA MAINLAND,2941.0,92088.0,31.31,101.0,ENVIRONMENT ECOLOGY,1.0292133610250336,1.1664861054707427,0.0033001361728986984,1.8754415999239198,2.6384009691096306,3.3084130121254205,0.831168831168831,4.888888888888889,1.967664112985671
EAST CHINA NORMAL UNIVERSITY,CHINA MAINLAND,2567.0,55450.0,21.6,86.0,ENGINEERING,0.28784178722770665,0.44795751448585125,0.16055012357763682,1.2064200061365196,1.3427726120033812,2.028300951625694,0.8104976141785959,4.0588235294117645,1.2928955173308938
EAST CHINA NORMAL UNIVERSITY,CHINA MAINLAND,2176.0,27524.0,12.65,51.0,"SOCIAL SCIENCES, GENERAL",0.5067100898366711,0.39804601767718734,-0.08535771653329952,1.0015348555408776,2.074626865671642,2.0696208576067234,-0.1783696529459239,2.5,1.0358514146067348
EAST CHINA NORMAL UNIVERSITY,CHINA MAINLAND,2720.0,93969.0,34.55,57.0,MATERIALS SCIENCE,0.254740779958018,0.3421051912429045,0.530614992511916,0.33749573784948705,1.0828944802028477,1.753534581581964,0.7462524832942025,1.7142857142857142,0.8452404951158817
EAST CHINA NORMAL UNIVERSITY,CHINA MAINLAND,1375.0,21843.0,15.89,26.0,PLANT & ANIMAL SCIENCE,0.18866880706670255,0.1471361303421736,-0.046398931986618895,0.10191513187586593,0.9020846493998737,0.9569037025865319,0.21525215252152524,0.7222222222222222,0.39847298300353456
EAST CHINA NORMAL UNIVERSITY,CHINA MAINLAND,1803.0,22336.0,12.39,25.0,COMPUTER SCIENCE,0.5296603084238624,0.10174923364455922,-0.08519437439310326,0.258568365697882,1.2054794520547945,0.6224557483503823,-0.49442622950819665,0.6333333333333333,0.34645322970043924
EAST CHINA NORMAL UNIVERSITY,CHINA MAINLAND,1850.0,42158.0,22.79,38.0,GEOSCIENCES,0.09475847404852109,0.07485287523005629,-0.16883278426376624,0.07451327732090159,0.5513468013468014,0.7842466345239947,0.5080545229244112,0.7142857142857143,0.32915318942707933
